{
  "shapes": [
    {
      "name": "1x1",
      "depth": -1,
      "reverse": 0,
      "reticle": 12,
      "stride": 0,
      "elevation": 0,
      "mask": [
        "OOOOO",
        "OOOOO",
        "OOXOO",
        "OOOOO",
        "OOOOO"
      ]
    },
    {
      "name": "5x5",
      "depth": -10,
      "reverse": 0,
      "reticle": 7,
      "stride": 0,
      "elevation": 0,
      "mask": [
        "XXXXX",
        "XXXXX",
        "XXXXX",
        "XXXXX",
        "XXXXX"
      ]
    },
    {
      "name": "3x2",
      "depth": -1,
      "reverse": 0,
      "reticle": 17,
      "stride": 0,
      "elevation": 0,
      "mask": [
        "OOOOO",
        "OXXXO",
        "OXXXO",
        "OOOOO",
        "OOOOO"
      ]
    },
    {
      "name": "5X5X5",
      "depth": 5,
      "reverse": 0,
      "reticle": 7,
      "stride": 0,
      "elevation": 0,
      "mask": [
        "XXXXX",
        "XXXXX",
        "XXXXX",
        "XXXXX",
        "XXXXX"
      ]
    }
  ]
}