{
  "curseProjectID": "Insert curse project ID here",
  "promoCode": "Insert Promo Code here",
  "creeperhostEnabled": true,
  "mpMenuEnabled": true,
  "mainMenuEnabled": true,
  "serverHostButtonImage": true,
  "serverHostMenuImage": true,
  "sivIntegration": true,
  "serverListEnabled": true,
  "chatEnabled": true,
  "autoMT": true,
  "enableFriendOnlineToasts": true,
  "enableMainMenuFriends": true,
  "replaceRealms": true,
  "issueTrackerUrl": "https://pste.ch/",
  "firstConnect": "MT51AE97EA9AE6A8D6F9CF3FAF985C",
  "debugMode": false,
  "pregenDiameter": 120
}